a;s
AARON;VICTORIA
ABEL;IRIA
ABRAHAM;MARIONA
ADRIA;FATIMA
ADRIAN;MARTA
AGUSTIN;CECILIA
AITOR;ESTHER
ALBERT;PALOMA
ALBERTO;PATRICIA
ALEIX;SARAY
ALEJANDRO;MARIA
ALEX;ALICIA
ALEXANDER;NOA
ALFONSO;ELISA
ALONSO;LUNA
ALVARO;ANDREA
ANDER;ESTELA
ANDRES;LAIA
ANGEL;SANDRA
ANTONIO;CARLA
ANTONIO JESUS;ISABEL MARIA
ANTONIO JOSE;ITZIAR
ARNAU;DANIELA
ARTURO;MARIA DEL MAR
ASIER;GEMA
BORJA;ZAIRA
BRAIS;MARIA ISABEL
BRIAN;AURORA
BRUNO;VANESA
CARLES;SORAYA
CARLOS;ANA
CESAR;CANDELA
CHRISTIAN;HELENA
CRISTIAN;LORENA
DANIEL;PAULA
DARIO;ESTEFANIA
DAVID;LAURA
DIEGO;ELENA
EDGAR;EVA MARIA
EDUARDO;LARA
ELOY;LEYRE
EMILIO;BARBARA
ENEKO;OLGA
ENRIQUE;GISELA
ERIC;TERESA
ERIK;MANUELA
FERNANDO;ADRIANA
FERRAN;NAYARA
FRANCISCO;RAQUEL
FRANCISCO JAVIER;EVA
FRANCISCO JOSE;AINOA
GABRIEL;MONICA
GERARD;JUDIT
GERMAN;YASMINA
GONZALO;ANNA
GORKA;ANA BELEN
GUILLEM;ALBA MARIA
GUILLERMO;LIDIA
HECTOR;PAOLA
HUGO;ANA MARIA
IÃ‘IGO;DIANA
IGNACIO;BLANCA
IKER;MIREIA
ISAAC;PILAR
ISMAEL;ALEJANDRA
ISRAEL;ANA ISABEL
IVAN;NATALIA
IZAN;JESSICA
JAIME;CLARA
JAN;LOLA
JAUME;ELSA
JAVIER;ALBA
JESUS;JULIA
JOAN;AITANA
JOAQUIN;REBECA
JOEL;VERONICA
JON;SUSANA
JONATHAN;MARTINA
JORDI;AIDA
JORGE;CLAUDIA
JOSE;SOFIA
JOSE ANGEL;MIREYA
JOSE ANTONIO;INES
JOSE CARLOS;MERCEDES
JOSE LUIS;SONIA
JOSE MANUEL;ARIADNA
JOSE MARIA;LEIRE
JOSE MIGUEL;NADIA
JOSEP;GEMMA
JUAN;CARMEN
JUAN ANTONIO;NOEMI
JUAN CARLOS;YAIZA
JUAN FRANCISCO;DESIREE
JUAN JOSE;EMMA
JUAN MANUEL;AINA
JULEN;NORA
JULIAN;IRIS
JULIO;AMANDA
KEVIN;NAIARA
LUCAS;AINARA
LUIS;MIRIAM
LUIS MIGUEL;ROSA
MANUEL;CRISTINA
MARC;ROCIO
MARCO;JENNIFER
MARCOS;NOELIA
MARIO;NEREA
MARKEL;NEUS
MARTI;INMACULADA
MARTIN;MARIA DEL CARMEN
MATEO;ALMUDENA
MIGUEL;IRENE
MIGUEL ANGEL;ISABEL
MIKEL;ERIKA
MIQUEL;GLORIA
MOHAMED;ANE
MOISES;YOLANDA
NAIM;VANESSA
NICOLAS;CAROLINA
NIL;ANTIA
OIER;JIMENA
OMAR;MAIDER
ORIOL;TANIA
OSCAR;ANGELA
PABLO;LUCIA
PAU;BEATRIZ
PEDRO;SILVIA
POL;JUDITH
RAFAEL;CARLOTA
RAMON;VALERIA
RAUL;MARINA
RICARDO;SALMA
ROBERTO;AROA
RODRIGO;MAR
ROGER;GABRIELA
RUBEN;NURIA
SALVADOR;IRATI
SAMUEL;CELIA
SANTIAGO;BELEN
SAUL;CARMEN MARIA
SEBASTIAN;RUTH
SERGI;SHEILA
SERGIO;SARA
TOMAS;VIRGINIA
UNAI;BERTA
VICENTE;ALEXANDRA
VICTOR;AINHOA
XABIER;ALEXIA
XAVIER;MARIA JOSE
AARON;LYDIA
